[{
  "encodedId" : "228TLX",
  "badgeType" : "DAILY_STEPS",
  "value" : 25000,
  "timesAchieved" : 1,
  "dateTime" : "2023-12-02",
  "name" : "Classics (25,000 steps in a day)",
  "shortName" : "Classics",
  "earnedMessage" : "Congrats on earning your first Classics badge!",
  "description" : "25,000 steps in a day",
  "category" : "Daily Steps",
  "shareText" : "I took 25,000 steps and earned the Classics badge! #Fitbit"
},{
  "encodedId" : "228TPP",
  "badgeType" : "DAILY_STEPS",
  "value" : 20000,
  "timesAchieved" : 1,
  "dateTime" : "2023-12-02",
  "name" : "High Tops (20,000 steps in a day)",
  "shortName" : "High Tops",
  "earnedMessage" : "Congrats on earning your first High Tops badge!",
  "description" : "20,000 steps in a day",
  "category" : "Daily Steps",
  "shareText" : "I took 20,000 steps and earned the High Tops badge! #Fitbit"
},{
  "encodedId" : "228TMK",
  "badgeType" : "DAILY_STEPS",
  "value" : 15000,
  "timesAchieved" : 5,
  "dateTime" : "2025-12-08",
  "name" : "Urban Boot (15,000 steps in a day)",
  "shortName" : "Urban Boot",
  "earnedMessage" : "Congrats on earning your first Urban Boot badge!",
  "description" : "15,000 steps in a day",
  "category" : "Daily Steps",
  "shareText" : "I took 15,000 steps and earned the Urban Boot badge! #Fitbit"
},{
  "encodedId" : "228TQB",
  "badgeType" : "DAILY_STEPS",
  "value" : 10000,
  "timesAchieved" : 46,
  "dateTime" : "2026-02-11",
  "name" : "Sneakers (10,000 steps in a day)",
  "shortName" : "Sneakers",
  "earnedMessage" : "Congrats on earning your first Sneakers badge!",
  "description" : "10,000 steps in a day",
  "category" : "Daily Steps",
  "shareText" : "I took 10,000 steps and earned the Sneakers badge! #Fitbit"
},{
  "encodedId" : "228TQ4",
  "badgeType" : "DAILY_STEPS",
  "value" : 5000,
  "timesAchieved" : 235,
  "dateTime" : "2026-02-11",
  "name" : "Boat Shoe (5,000 steps in a day)",
  "shortName" : "Boat Shoe",
  "earnedMessage" : "Congrats on earning your first Boat Shoe badge!",
  "description" : "5,000 steps in a day",
  "category" : "Daily Steps",
  "shareText" : "I took 5,000 steps and earned the Boat Shoe badge! #Fitbit"
},{
  "encodedId" : "228TSL",
  "badgeType" : "DAILY_FLOORS",
  "value" : 100,
  "timesAchieved" : 1,
  "dateTime" : "2023-12-02",
  "name" : "Skyscraper (100 floors in a day)",
  "shortName" : "Skyscraper",
  "earnedMessage" : "Congrats on earning your first Skyscraper badge!",
  "description" : "100 floors in a day",
  "category" : "Daily Climb",
  "shareText" : "I climbed 100 flights of stairs and earned the Skyscraper badge! #Fitbit"
},{
  "encodedId" : "229843",
  "badgeType" : "DAILY_FLOORS",
  "value" : 75,
  "timesAchieved" : 1,
  "dateTime" : "2023-12-02",
  "name" : "Ferris Wheel (75 floors in a day)",
  "shortName" : "Ferris Wheel",
  "earnedMessage" : "Congrats on earning your first Ferris Wheel badge!",
  "description" : "75 floors in a day",
  "category" : "Daily Climb",
  "shareText" : "I climbed 75 flights of stairs and earned the Ferris Wheel badge! #Fitbit"
},{
  "encodedId" : "228TT7",
  "badgeType" : "DAILY_FLOORS",
  "value" : 50,
  "timesAchieved" : 1,
  "dateTime" : "2023-12-02",
  "name" : "Lighthouse (50 floors in a day)",
  "shortName" : "Lighthouse",
  "earnedMessage" : "Congrats on earning your first Lighthouse badge!",
  "description" : "50 floors in a day",
  "category" : "Daily Climb",
  "shareText" : "I climbed 50 flights of stairs and earned the Lighthouse badge! #Fitbit"
},{
  "encodedId" : "228TSZ",
  "badgeType" : "DAILY_FLOORS",
  "value" : 25,
  "timesAchieved" : 13,
  "dateTime" : "2025-07-18",
  "name" : "Redwood Forest (25 floors in a day)",
  "shortName" : "Redwood Forest",
  "earnedMessage" : "Congrats on earning your first Redwood Forest badge!",
  "description" : "25 floors in a day",
  "category" : "Daily Climb",
  "shareText" : "I climbed 25 flights of stairs and earned the Redwood Forest badge! #Fitbit"
},{
  "encodedId" : "228TTM",
  "badgeType" : "DAILY_FLOORS",
  "value" : 10,
  "timesAchieved" : 81,
  "dateTime" : "2026-02-11",
  "name" : "Happy Hill (10 floors in a day)",
  "shortName" : "Happy Hill",
  "earnedMessage" : "Congrats on earning your first Happy Hill badge!",
  "description" : "10 floors in a day",
  "category" : "Daily Climb",
  "shareText" : "I climbed 10 flights of stairs and earned the Happy Hill badge! #Fitbit"
},{
  "encodedId" : "22B8MD",
  "badgeType" : "LIFETIME_DISTANCE",
  "value" : 990,
  "unit" : "MILES",
  "timesAchieved" : 1,
  "dateTime" : "2025-12-04",
  "name" : "New Zealand (990 lifetime miles)",
  "shortName" : "New Zealand",
  "earnedMessage" : "Whoa! You've earned the New Zealand badge!",
  "description" : "990 lifetime miles",
  "category" : "Lifetime Distance",
  "shareText" : "I covered 990 miles with my #Fitbit and earned the New Zealand badge."
},{
  "encodedId" : "22B8MC",
  "badgeType" : "LIFETIME_DISTANCE",
  "value" : 736,
  "unit" : "MILES",
  "timesAchieved" : 1,
  "dateTime" : "2025-07-08",
  "name" : "Italy (736 lifetime miles)",
  "shortName" : "Italy",
  "earnedMessage" : "Whoa! You've earned the Italy badge!",
  "description" : "736 lifetime miles",
  "category" : "Lifetime Distance",
  "shareText" : "I covered 736 miles with my #Fitbit and earned the Italy badge."
},{
  "encodedId" : "22B8MG",
  "badgeType" : "LIFETIME_DISTANCE",
  "value" : 500,
  "unit" : "MILES",
  "timesAchieved" : 1,
  "dateTime" : "2025-01-11",
  "name" : "Serengeti (500 lifetime miles)",
  "shortName" : "Serengeti",
  "earnedMessage" : "Whoa! You've earned the Serengeti badge!",
  "description" : "500 lifetime miles",
  "category" : "Lifetime Distance",
  "shareText" : "I covered 500 miles with my #Fitbit and earned the Serengeti badge."
},{
  "encodedId" : "22B8M8",
  "badgeType" : "LIFETIME_DISTANCE",
  "value" : 250,
  "unit" : "MILES",
  "timesAchieved" : 1,
  "dateTime" : "2023-07-14",
  "name" : "London Underground (250 lifetime miles)",
  "shortName" : "London Underground",
  "earnedMessage" : "Whoa! You've earned the London Underground badge!",
  "description" : "250 lifetime miles",
  "category" : "Lifetime Distance",
  "shareText" : "I covered 250 miles with my #Fitbit and earned the London Underground badge."
},{
  "encodedId" : "22B8M7",
  "badgeType" : "LIFETIME_DISTANCE",
  "value" : 70,
  "unit" : "MILES",
  "timesAchieved" : 1,
  "dateTime" : "2023-07-14",
  "name" : "Penguin March (70 lifetime miles)",
  "shortName" : "Penguin March",
  "earnedMessage" : "Whoa! You've earned the Penguin March badge!",
  "description" : "70 lifetime miles",
  "category" : "Lifetime Distance",
  "shareText" : "I covered 70 miles with my #Fitbit and earned the Penguin March badge."
},{
  "encodedId" : "22B8MB",
  "badgeType" : "LIFETIME_DISTANCE",
  "value" : 26,
  "unit" : "MILES",
  "timesAchieved" : 1,
  "dateTime" : "2023-06-24",
  "name" : "Marathon (26 lifetime miles)",
  "shortName" : "Marathon",
  "earnedMessage" : "Whoa! You've earned the Marathon badge!",
  "description" : "26 lifetime miles",
  "category" : "Lifetime Distance",
  "shareText" : "I covered 26 miles with my #Fitbit and earned the Marathon badge."
},{
  "encodedId" : "228T9C",
  "badgeType" : "LIFETIME_FLOORS",
  "value" : 1000,
  "timesAchieved" : 1,
  "dateTime" : "2023-07-14",
  "name" : "Skydiver (1,000 lifetime floors)",
  "shortName" : "Skydiver",
  "earnedMessage" : "Yipee! You've earned the Skydiver badge!",
  "description" : "1,000 lifetime floors",
  "category" : "Lifetime Climb",
  "shareText" : "I climbed 1,000 floors with my #Fitbit and earned the Skydiver badge."
},{
  "encodedId" : "228TB8",
  "badgeType" : "LIFETIME_FLOORS",
  "value" : 500,
  "timesAchieved" : 1,
  "dateTime" : "2023-07-14",
  "name" : "Helicopter (500 lifetime floors)",
  "shortName" : "Helicopter",
  "earnedMessage" : "Yipee! You've earned the Helicopter badge!",
  "description" : "500 lifetime floors",
  "category" : "Lifetime Climb",
  "shareText" : "I climbed 500 floors with my #Fitbit and earned the Helicopter badge."
},{
  "encodedId" : "22984Y",
  "badgeType" : "LIFETIME_WEIGHT_GOAL_SETUP",
  "value" : 1,
  "timesAchieved" : 1,
  "dateTime" : "2024-10-25",
  "name" : "Weight Goal Set",
  "shortName" : "Weight Goal Set",
  "description" : "Weight Goal",
  "category" : "Weight Goal",
  "shareText" : "I set a weight goal. #Fitbit"
}]