[{
  "logId" : 42048603867,
  "dateOfSleep" : "2023-07-12",
  "startTime" : "2023-07-11T23:43:00.000",
  "endTime" : "2023-07-12T06:37:00.000",
  "duration" : 24840000,
  "minutesToFallAsleep" : 0,
  "minutesAsleep" : 361,
  "minutesAwake" : 53,
  "minutesAfterWakeup" : 3,
  "timeInBed" : 414,
  "efficiency" : 94,
  "type" : "stages",
  "infoCode" : 0,
  "logType" : "auto_detected",
  "levels" : {
    "summary" : {
      "deep" : {
        "count" : 4,
        "minutes" : 49,
        "thirtyDayAvgMinutes" : 68
      },
      "wake" : {
        "count" : 26,
        "minutes" : 53,
        "thirtyDayAvgMinutes" : 61
      },
      "light" : {
        "count" : 28,
        "minutes" : 217,
        "thirtyDayAvgMinutes" : 211
      },
      "rem" : {
        "count" : 8,
        "minutes" : 95,
        "thirtyDayAvgMinutes" : 100
      }
    },
    "data" : [{
      "dateTime" : "2023-07-11T23:43:00.000",
      "level" : "light",
      "seconds" : 90
    },{
      "dateTime" : "2023-07-11T23:44:30.000",
      "level" : "wake",
      "seconds" : 390
    },{
      "dateTime" : "2023-07-11T23:51:00.000",
      "level" : "light",
      "seconds" : 150
    },{
      "dateTime" : "2023-07-11T23:53:30.000",
      "level" : "deep",
      "seconds" : 1200
    },{
      "dateTime" : "2023-07-12T00:13:30.000",
      "level" : "light",
      "seconds" : 510
    },{
      "dateTime" : "2023-07-12T00:22:00.000",
      "level" : "deep",
      "seconds" : 1020
    },{
      "dateTime" : "2023-07-12T00:39:00.000",
      "level" : "wake",
      "seconds" : 300
    },{
      "dateTime" : "2023-07-12T00:44:00.000",
      "level" : "light",
      "seconds" : 1740
    },{
      "dateTime" : "2023-07-12T01:13:00.000",
      "level" : "rem",
      "seconds" : 2070
    },{
      "dateTime" : "2023-07-12T01:47:30.000",
      "level" : "light",
      "seconds" : 1290
    },{
      "dateTime" : "2023-07-12T02:09:00.000",
      "level" : "deep",
      "seconds" : 360
    },{
      "dateTime" : "2023-07-12T02:15:00.000",
      "level" : "light",
      "seconds" : 1290
    },{
      "dateTime" : "2023-07-12T02:36:30.000",
      "level" : "rem",
      "seconds" : 1590
    },{
      "dateTime" : "2023-07-12T03:03:00.000",
      "level" : "light",
      "seconds" : 390
    },{
      "dateTime" : "2023-07-12T03:09:30.000",
      "level" : "rem",
      "seconds" : 540
    },{
      "dateTime" : "2023-07-12T03:18:30.000",
      "level" : "light",
      "seconds" : 3180
    },{
      "dateTime" : "2023-07-12T04:11:30.000",
      "level" : "rem",
      "seconds" : 450
    },{
      "dateTime" : "2023-07-12T04:19:00.000",
      "level" : "light",
      "seconds" : 2100
    },{
      "dateTime" : "2023-07-12T04:54:00.000",
      "level" : "deep",
      "seconds" : 360
    },{
      "dateTime" : "2023-07-12T05:00:00.000",
      "level" : "light",
      "seconds" : 1770
    },{
      "dateTime" : "2023-07-12T05:29:30.000",
      "level" : "rem",
      "seconds" : 330
    },{
      "dateTime" : "2023-07-12T05:35:00.000",
      "level" : "light",
      "seconds" : 900
    },{
      "dateTime" : "2023-07-12T05:50:00.000",
      "level" : "rem",
      "seconds" : 840
    },{
      "dateTime" : "2023-07-12T06:04:00.000",
      "level" : "wake",
      "seconds" : 540
    },{
      "dateTime" : "2023-07-12T06:13:00.000",
      "level" : "light",
      "seconds" : 180
    },{
      "dateTime" : "2023-07-12T06:16:00.000",
      "level" : "wake",
      "seconds" : 600
    },{
      "dateTime" : "2023-07-12T06:26:00.000",
      "level" : "light",
      "seconds" : 300
    },{
      "dateTime" : "2023-07-12T06:31:00.000",
      "level" : "wake",
      "seconds" : 360
    }],
    "shortData" : [{
      "dateTime" : "2023-07-12T00:13:00.000",
      "level" : "wake",
      "seconds" : 30
    },{
      "dateTime" : "2023-07-12T00:50:30.000",
      "level" : "wake",
      "seconds" : 30
    },{
      "dateTime" : "2023-07-12T00:57:30.000",
      "level" : "wake",
      "seconds" : 30
    },{
      "dateTime" : "2023-07-12T01:01:30.000",
      "level" : "wake",
      "seconds" : 90
    },{
      "dateTime" : "2023-07-12T01:28:30.000",
      "level" : "wake",
      "seconds" : 30
    },{
      "dateTime" : "2023-07-12T01:47:00.000",
      "level" : "wake",
      "seconds" : 30
    },{
      "dateTime" : "2023-07-12T02:19:30.000",
      "level" : "wake",
      "seconds" : 60
    },{
      "dateTime" : "2023-07-12T02:28:00.000",
      "level" : "wake",
      "seconds" : 30
    },{
      "dateTime" : "2023-07-12T02:30:00.000",
      "level" : "wake",
      "seconds" : 30
    },{
      "dateTime" : "2023-07-12T02:32:30.000",
      "level" : "wake",
      "seconds" : 60
    },{
      "dateTime" : "2023-07-12T02:35:00.000",
      "level" : "wake",
      "seconds" : 30
    },{
      "dateTime" : "2023-07-12T02:56:30.000",
      "level" : "wake",
      "seconds" : 30
    },{
      "dateTime" : "2023-07-12T03:09:30.000",
      "level" : "wake",
      "seconds" : 30
    },{
      "dateTime" : "2023-07-12T03:23:30.000",
      "level" : "wake",
      "seconds" : 120
    },{
      "dateTime" : "2023-07-12T03:32:00.000",
      "level" : "wake",
      "seconds" : 30
    },{
      "dateTime" : "2023-07-12T03:37:00.000",
      "level" : "wake",
      "seconds" : 30
    },{
      "dateTime" : "2023-07-12T04:19:00.000",
      "level" : "wake",
      "seconds" : 90
    },{
      "dateTime" : "2023-07-12T05:05:30.000",
      "level" : "wake",
      "seconds" : 30
    },{
      "dateTime" : "2023-07-12T05:08:00.000",
      "level" : "wake",
      "seconds" : 30
    },{
      "dateTime" : "2023-07-12T05:22:00.000",
      "level" : "wake",
      "seconds" : 90
    },{
      "dateTime" : "2023-07-12T05:36:00.000",
      "level" : "wake",
      "seconds" : 60
    }]
  },
  "mainSleep" : true
},{
  "logId" : 41810104760,
  "dateOfSleep" : "2023-06-24",
  "startTime" : "2023-06-23T23:33:00.000",
  "endTime" : "2023-06-24T06:59:00.000",
  "duration" : 26760000,
  "minutesToFallAsleep" : 0,
  "minutesAsleep" : 377,
  "minutesAwake" : 69,
  "minutesAfterWakeup" : 15,
  "timeInBed" : 446,
  "efficiency" : 91,
  "type" : "stages",
  "infoCode" : 0,
  "logType" : "auto_detected",
  "levels" : {
    "summary" : {
      "deep" : {
        "count" : 2,
        "minutes" : 57,
        "thirtyDayAvgMinutes" : 78
      },
      "wake" : {
        "count" : 28,
        "minutes" : 69,
        "thirtyDayAvgMinutes" : 53
      },
      "light" : {
        "count" : 24,
        "minutes" : 216,
        "thirtyDayAvgMinutes" : 206
      },
      "rem" : {
        "count" : 9,
        "minutes" : 104,
        "thirtyDayAvgMinutes" : 96
      }
    },
    "data" : [{
      "dateTime" : "2023-06-23T23:33:00.000",
      "level" : "wake",
      "seconds" : 360
    },{
      "dateTime" : "2023-06-23T23:39:00.000",
      "level" : "deep",
      "seconds" : 3060
    },{
      "dateTime" : "2023-06-24T00:30:00.000",
      "level" : "wake",
      "seconds" : 210
    },{
      "dateTime" : "2023-06-24T00:33:30.000",
      "level" : "light",
      "seconds" : 570
    },{
      "dateTime" : "2023-06-24T00:43:00.000",
      "level" : "wake",
      "seconds" : 420
    },{
      "dateTime" : "2023-06-24T00:50:00.000",
      "level" : "light",
      "seconds" : 1920
    },{
      "dateTime" : "2023-06-24T01:22:00.000",
      "level" : "rem",
      "seconds" : 1740
    },{
      "dateTime" : "2023-06-24T01:51:00.000",
      "level" : "wake",
      "seconds" : 210
    },{
      "dateTime" : "2023-06-24T01:54:30.000",
      "level" : "light",
      "seconds" : 1050
    },{
      "dateTime" : "2023-06-24T02:12:00.000",
      "level" : "deep",
      "seconds" : 360
    },{
      "dateTime" : "2023-06-24T02:18:00.000",
      "level" : "light",
      "seconds" : 480
    },{
      "dateTime" : "2023-06-24T02:26:00.000",
      "level" : "wake",
      "seconds" : 630
    },{
      "dateTime" : "2023-06-24T02:36:30.000",
      "level" : "light",
      "seconds" : 1230
    },{
      "dateTime" : "2023-06-24T02:57:00.000",
      "level" : "wake",
      "seconds" : 660
    },{
      "dateTime" : "2023-06-24T03:08:00.000",
      "level" : "light",
      "seconds" : 2880
    },{
      "dateTime" : "2023-06-24T03:56:00.000",
      "level" : "rem",
      "seconds" : 1620
    },{
      "dateTime" : "2023-06-24T04:23:00.000",
      "level" : "light",
      "seconds" : 3930
    },{
      "dateTime" : "2023-06-24T05:28:30.000",
      "level" : "rem",
      "seconds" : 1230
    },{
      "dateTime" : "2023-06-24T05:49:00.000",
      "level" : "light",
      "seconds" : 480
    },{
      "dateTime" : "2023-06-24T05:57:00.000",
      "level" : "rem",
      "seconds" : 1830
    },{
      "dateTime" : "2023-06-24T06:27:30.000",
      "level" : "light",
      "seconds" : 1020
    },{
      "dateTime" : "2023-06-24T06:44:30.000",
      "level" : "wake",
      "seconds" : 870
    }],
    "shortData" : [{
      "dateTime" : "2023-06-24T00:37:00.000",
      "level" : "wake",
      "seconds" : 30
    },{
      "dateTime" : "2023-06-24T01:10:30.000",
      "level" : "wake",
      "seconds" : 30
    },{
      "dateTime" : "2023-06-24T01:15:30.000",
      "level" : "wake",
      "seconds" : 30
    },{
      "dateTime" : "2023-06-24T01:38:30.000",
      "level" : "wake",
      "seconds" : 30
    },{
      "dateTime" : "2023-06-24T02:20:00.000",
      "level" : "wake",
      "seconds" : 30
    },{
      "dateTime" : "2023-06-24T03:12:00.000",
      "level" : "wake",
      "seconds" : 30
    },{
      "dateTime" : "2023-06-24T03:34:30.000",
      "level" : "wake",
      "seconds" : 30
    },{
      "dateTime" : "2023-06-24T03:52:30.000",
      "level" : "wake",
      "seconds" : 60
    },{
      "dateTime" : "2023-06-24T04:04:30.000",
      "level" : "wake",
      "seconds" : 30
    },{
      "dateTime" : "2023-06-24T04:25:30.000",
      "level" : "wake",
      "seconds" : 120
    },{
      "dateTime" : "2023-06-24T04:34:30.000",
      "level" : "wake",
      "seconds" : 30
    },{
      "dateTime" : "2023-06-24T04:39:00.000",
      "level" : "wake",
      "seconds" : 30
    },{
      "dateTime" : "2023-06-24T04:54:00.000",
      "level" : "wake",
      "seconds" : 30
    },{
      "dateTime" : "2023-06-24T05:02:00.000",
      "level" : "wake",
      "seconds" : 30
    },{
      "dateTime" : "2023-06-24T05:48:30.000",
      "level" : "wake",
      "seconds" : 30
    },{
      "dateTime" : "2023-06-24T05:53:30.000",
      "level" : "wake",
      "seconds" : 30
    },{
      "dateTime" : "2023-06-24T06:18:00.000",
      "level" : "wake",
      "seconds" : 30
    },{
      "dateTime" : "2023-06-24T06:20:30.000",
      "level" : "wake",
      "seconds" : 60
    },{
      "dateTime" : "2023-06-24T06:24:30.000",
      "level" : "wake",
      "seconds" : 30
    },{
      "dateTime" : "2023-06-24T06:31:00.000",
      "level" : "wake",
      "seconds" : 30
    },{
      "dateTime" : "2023-06-24T06:41:30.000",
      "level" : "wake",
      "seconds" : 30
    }]
  },
  "mainSleep" : true
},{
  "logId" : 41797409326,
  "dateOfSleep" : "2023-06-23",
  "startTime" : "2023-06-22T23:28:00.000",
  "endTime" : "2023-06-23T06:41:00.000",
  "duration" : 25980000,
  "minutesToFallAsleep" : 0,
  "minutesAsleep" : 380,
  "minutesAwake" : 53,
  "minutesAfterWakeup" : 0,
  "timeInBed" : 433,
  "efficiency" : 94,
  "type" : "stages",
  "infoCode" : 0,
  "logType" : "auto_detected",
  "levels" : {
    "summary" : {
      "deep" : {
        "count" : 2,
        "minutes" : 78,
        "thirtyDayAvgMinutes" : 0
      },
      "wake" : {
        "count" : 34,
        "minutes" : 53,
        "thirtyDayAvgMinutes" : 0
      },
      "light" : {
        "count" : 25,
        "minutes" : 206,
        "thirtyDayAvgMinutes" : 0
      },
      "rem" : {
        "count" : 12,
        "minutes" : 96,
        "thirtyDayAvgMinutes" : 0
      }
    },
    "data" : [{
      "dateTime" : "2023-06-22T23:28:00.000",
      "level" : "wake",
      "seconds" : 60
    },{
      "dateTime" : "2023-06-22T23:29:00.000",
      "level" : "light",
      "seconds" : 210
    },{
      "dateTime" : "2023-06-22T23:32:30.000",
      "level" : "deep",
      "seconds" : 1560
    },{
      "dateTime" : "2023-06-22T23:58:30.000",
      "level" : "wake",
      "seconds" : 270
    },{
      "dateTime" : "2023-06-23T00:03:00.000",
      "level" : "light",
      "seconds" : 720
    },{
      "dateTime" : "2023-06-23T00:15:00.000",
      "level" : "wake",
      "seconds" : 390
    },{
      "dateTime" : "2023-06-23T00:21:30.000",
      "level" : "light",
      "seconds" : 2220
    },{
      "dateTime" : "2023-06-23T00:58:30.000",
      "level" : "rem",
      "seconds" : 3030
    },{
      "dateTime" : "2023-06-23T01:49:00.000",
      "level" : "light",
      "seconds" : 120
    },{
      "dateTime" : "2023-06-23T01:51:00.000",
      "level" : "deep",
      "seconds" : 3150
    },{
      "dateTime" : "2023-06-23T02:43:30.000",
      "level" : "light",
      "seconds" : 2160
    },{
      "dateTime" : "2023-06-23T03:19:30.000",
      "level" : "wake",
      "seconds" : 690
    },{
      "dateTime" : "2023-06-23T03:31:00.000",
      "level" : "light",
      "seconds" : 3540
    },{
      "dateTime" : "2023-06-23T04:30:00.000",
      "level" : "rem",
      "seconds" : 1200
    },{
      "dateTime" : "2023-06-23T04:50:00.000",
      "level" : "light",
      "seconds" : 3360
    },{
      "dateTime" : "2023-06-23T05:46:00.000",
      "level" : "rem",
      "seconds" : 2010
    },{
      "dateTime" : "2023-06-23T06:19:30.000",
      "level" : "wake",
      "seconds" : 210
    },{
      "dateTime" : "2023-06-23T06:23:00.000",
      "level" : "light",
      "seconds" : 1080
    }],
    "shortData" : [{
      "dateTime" : "2023-06-22T23:28:00.000",
      "level" : "wake",
      "seconds" : 60
    },{
      "dateTime" : "2023-06-23T01:04:30.000",
      "level" : "wake",
      "seconds" : 30
    },{
      "dateTime" : "2023-06-23T01:10:30.000",
      "level" : "wake",
      "seconds" : 30
    },{
      "dateTime" : "2023-06-23T01:12:30.000",
      "level" : "wake",
      "seconds" : 30
    },{
      "dateTime" : "2023-06-23T01:21:30.000",
      "level" : "wake",
      "seconds" : 30
    },{
      "dateTime" : "2023-06-23T01:32:30.000",
      "level" : "wake",
      "seconds" : 150
    },{
      "dateTime" : "2023-06-23T01:47:00.000",
      "level" : "wake",
      "seconds" : 120
    },{
      "dateTime" : "2023-06-23T02:43:00.000",
      "level" : "wake",
      "seconds" : 30
    },{
      "dateTime" : "2023-06-23T02:46:00.000",
      "level" : "wake",
      "seconds" : 180
    },{
      "dateTime" : "2023-06-23T02:50:30.000",
      "level" : "wake",
      "seconds" : 30
    },{
      "dateTime" : "2023-06-23T02:59:00.000",
      "level" : "wake",
      "seconds" : 60
    },{
      "dateTime" : "2023-06-23T03:01:30.000",
      "level" : "wake",
      "seconds" : 30
    },{
      "dateTime" : "2023-06-23T03:07:00.000",
      "level" : "wake",
      "seconds" : 120
    },{
      "dateTime" : "2023-06-23T03:11:00.000",
      "level" : "wake",
      "seconds" : 120
    },{
      "dateTime" : "2023-06-23T03:17:30.000",
      "level" : "wake",
      "seconds" : 30
    },{
      "dateTime" : "2023-06-23T03:43:00.000",
      "level" : "wake",
      "seconds" : 90
    },{
      "dateTime" : "2023-06-23T03:47:00.000",
      "level" : "wake",
      "seconds" : 30
    },{
      "dateTime" : "2023-06-23T03:51:30.000",
      "level" : "wake",
      "seconds" : 30
    },{
      "dateTime" : "2023-06-23T03:56:30.000",
      "level" : "wake",
      "seconds" : 30
    },{
      "dateTime" : "2023-06-23T04:15:00.000",
      "level" : "wake",
      "seconds" : 30
    },{
      "dateTime" : "2023-06-23T04:21:00.000",
      "level" : "wake",
      "seconds" : 30
    },{
      "dateTime" : "2023-06-23T04:40:00.000",
      "level" : "wake",
      "seconds" : 30
    },{
      "dateTime" : "2023-06-23T04:45:00.000",
      "level" : "wake",
      "seconds" : 30
    },{
      "dateTime" : "2023-06-23T04:56:30.000",
      "level" : "wake",
      "seconds" : 30
    },{
      "dateTime" : "2023-06-23T05:08:30.000",
      "level" : "wake",
      "seconds" : 30
    },{
      "dateTime" : "2023-06-23T05:13:00.000",
      "level" : "wake",
      "seconds" : 30
    },{
      "dateTime" : "2023-06-23T05:26:00.000",
      "level" : "wake",
      "seconds" : 30
    },{
      "dateTime" : "2023-06-23T05:55:30.000",
      "level" : "wake",
      "seconds" : 30
    },{
      "dateTime" : "2023-06-23T06:16:30.000",
      "level" : "wake",
      "seconds" : 30
    },{
      "dateTime" : "2023-06-23T06:39:30.000",
      "level" : "wake",
      "seconds" : 90
    }]
  },
  "mainSleep" : true
}]