[{
  "logId" : 46602278213,
  "dateOfSleep" : "2024-08-21",
  "startTime" : "2024-08-21T12:30:00.000",
  "endTime" : "2024-08-21T17:36:00.000",
  "duration" : 18360000,
  "minutesToFallAsleep" : 0,
  "minutesAsleep" : 306,
  "minutesAwake" : 0,
  "minutesAfterWakeup" : 0,
  "timeInBed" : 306,
  "efficiency" : 100,
  "type" : "classic",
  "infoCode" : 1,
  "logType" : "auto_detected",
  "levels" : {
    "summary" : {
      "restless" : {
        "count" : 0,
        "minutes" : 0
      },
      "awake" : {
        "count" : 0,
        "minutes" : 0
      },
      "asleep" : {
        "count" : 0,
        "minutes" : 306
      }
    },
    "data" : [{
      "dateTime" : "2024-08-21T12:30:00.000",
      "level" : "asleep",
      "seconds" : 18360
    }]
  },
  "mainSleep" : true
}]