[{
  "logId" : 48274899078,
  "dateOfSleep" : "2025-02-04",
  "startTime" : "2025-02-04T08:55:00.000",
  "endTime" : "2025-02-04T10:11:30.000",
  "duration" : 4560000,
  "minutesToFallAsleep" : 0,
  "minutesAsleep" : 76,
  "minutesAwake" : 0,
  "minutesAfterWakeup" : 0,
  "timeInBed" : 76,
  "efficiency" : 100,
  "type" : "classic",
  "infoCode" : 2,
  "logType" : "auto_detected",
  "levels" : {
    "summary" : {
      "restless" : {
        "count" : 0,
        "minutes" : 0
      },
      "awake" : {
        "count" : 0,
        "minutes" : 0
      },
      "asleep" : {
        "count" : 0,
        "minutes" : 76
      }
    },
    "data" : [{
      "dateTime" : "2025-02-04T08:55:00.000",
      "level" : "asleep",
      "seconds" : 4560
    }]
  },
  "mainSleep" : true
}]