DATE,UPDATED_AT,STRESS_SCORE,SLEEP_POINTS,MAX_SLEEP_POINTS,RESPONSIVENESS_POINTS,MAX_RESPONSIVENESS_POINTS,EXERTION_POINTS,MAX_EXERTION_POINTS,STATUS,CALCULATION_FAILED
2023-06-23T00:00:00,2023-06-23T02:05:27.719,0,0,0,0,0,0,0,NO_DATA,true
2023-06-24T00:00:00,2023-06-24T02:24:53.935,75,0,0,0,0,0,0,READY_NOT_PREMIUM,false
2023-07-12T00:00:00,2023-07-14T05:17:59.987,0,0,0,0,0,0,0,NO_DATA,true
2024-08-21T00:00:00,2024-08-21T12:23:35.104,0,0,0,0,0,0,0,NO_DATA,true
2025-01-01T00:00:00,2025-01-07T04:03:40.701,0,0,0,0,0,0,0,NO_DATA,true
2025-02-04T00:00:00,2025-02-04T06:47:09.22,0,0,0,0,0,0,0,NO_DATA,true