date_time,heart_zone_id,total_minutes
2026-02-10T08:00,FAT_BURN,1
2026-02-10T08:01,FAT_BURN,1
2026-02-10T08:02,FAT_BURN,1
2026-02-10T08:03,FAT_BURN,1
2026-02-10T08:04,FAT_BURN,1
2026-02-10T08:05,FAT_BURN,1
2026-02-10T08:06,FAT_BURN,1
2026-02-10T17:59,FAT_BURN,1
2026-02-10T18:00,CARDIO,2
2026-02-10T18:10,FAT_BURN,1
2026-02-10T18:11,CARDIO,2
2026-02-10T18:12,CARDIO,2
2026-02-10T18:13,CARDIO,2
2026-02-10T18:14,CARDIO,2
2026-02-10T18:21,CARDIO,2
2026-02-10T18:22,FAT_BURN,1
2026-02-10T18:23,FAT_BURN,1
2026-02-11T07:52,FAT_BURN,1
2026-02-11T07:53,FAT_BURN,1
2026-02-11T07:54,FAT_BURN,1
2026-02-11T07:55,FAT_BURN,1
2026-02-11T07:56,FAT_BURN,1
2026-02-11T07:57,FAT_BURN,1
2026-02-11T09:48,FAT_BURN,1
2026-02-11T09:49,FAT_BURN,1