date_time,heart_zone_id,total_minutes
2024-07-25T18:00,FAT_BURN,1
2024-07-25T18:01,CARDIO,2
2024-07-25T18:09,FAT_BURN,1
2024-07-25T18:10,CARDIO,2
2024-07-25T18:11,CARDIO,2
2024-07-25T18:12,CARDIO,2
2024-07-25T18:13,CARDIO,2
2024-07-29T18:12,CARDIO,2
2024-07-29T18:13,CARDIO,2
2024-07-29T18:14,CARDIO,2
2024-07-29T18:15,CARDIO,2
2024-07-29T18:16,CARDIO,2
2024-07-29T18:17,CARDIO,2
2024-07-29T18:18,FAT_BURN,1
2024-07-29T18:19,FAT_BURN,1
2024-07-29T18:26,FAT_BURN,1
2024-07-29T18:27,FAT_BURN,1
2024-07-29T18:28,FAT_BURN,1
2024-07-29T18:29,FAT_BURN,1
2024-07-30T08:37,FAT_BURN,1