type,frequency,target,result,status,is_primary,start_date,end_date,created_on,edited_on
ACTIVE_ZONE_MINUTES_GOAL,DAILY,22.0,null,null,false,null,null,null,null
ACTIVE_ZONE_MINUTES_GOAL,WEEKLY,150.0,null,null,false,null,null,null,null
CALORIES_BURNED_GOAL,DAILY,2767.0,247.0,INPROGRESS_SO_FAR_MISSED,false,2025-10-24,2025-10-25,2023-06-21T17:38:14.000+00:00,null
STEPS_GOAL,DAILY,10000.0,0.0,INPROGRESS_SO_FAR_MISSED,false,2025-10-24,2025-10-25,2023-06-21T17:38:14.000+00:00,null
FLOORS_CLIMBED_GOAL,DAILY,10.0,0.0,INPROGRESS_SO_FAR_MISSED,false,2025-01-09,2025-01-10,2023-06-21T17:38:14.000+00:00,null
DISTANCE_FROM_STEPS_GOAL,DAILY,5.0,0.0,INPROGRESS_SO_FAR_MISSED,false,2025-10-24,2025-10-25,2023-06-21T17:38:14.000+00:00,null
ACTIVE_MINUTES_GOAL,DAILY,30.0,0.0,INPROGRESS_SO_FAR_MISSED,false,2025-10-24,2025-10-25,2023-06-21T17:38:14.000+00:00,null
STEPS_GOAL,WEEKLY,70000.0,7643.0,INPROGRESS_SO_FAR_MISSED,true,2025-10-18,2025-10-25,2023-06-21T17:38:14.000+00:00,null
DISTANCE_FROM_STEPS_GOAL,WEEKLY,35.0,3.58577,INPROGRESS_SO_FAR_MISSED,false,2025-10-18,2025-10-25,2023-06-21T17:38:14.000+00:00,null
FLOORS_CLIMBED_GOAL,WEEKLY,70.0,2.0,INPROGRESS_SO_FAR_MISSED,false,2025-01-04,2025-01-11,2023-06-21T17:38:14.000+00:00,null
CALORIES_BURNED_GOAL,WEEKLY,19369.0,11310.0,INPROGRESS_SO_FAR_MISSED,false,2025-10-18,2025-10-25,2023-06-21T17:38:14.000+00:00,null
WATER_GOAL,DAILY,1893.0,0.0,INPROGRESS_SO_FAR_MISSED,false,2023-06-17,2023-06-24,2023-06-21T17:38:14.000+00:00,null
WEIGHT_GOAL,MONTHLY,165.34,194.0,NEW,false,null,null,2024-10-25T18:29:59.000+00:00,2024-10-25T07:13:18.000+00:00
CALORIES_CONSUMED_GOAL,DAILY,2000.0,0.0,INPROGRESS_SO_FAR_ACHIEVED,false,2024-10-24,2024-10-25,2024-10-25T07:13:18.000+00:00,null