session_id,activity_name,average_heart_rate,start_heart_rate,end_heart_rate,duration,start_date_time,end_date_time,session_type,stress_metrics,pause_times
ccae80c0-7cf7-11f0-8080-808080808080,Guided breathing,119,103,132,120000,2025-08-19T17:56:58+05:30,2025-08-19T17:57:24+05:30,relax-2.0,null,null
324f4cd0-9125-11ef-8080-808080808080,Quick scan,null,70,69,120000,2024-10-23T15:27:21+05:30,2024-10-23T15:29:26+05:30,quick-scan,{meanScore=-1  derivScore=-1  peakScore=-1  hrvBaseline=39.4375  hrvSessionRsmmd=24  Score6=-1},[[8  121]]
c4713830-9120-11ef-8080-808080808080,Quick scan,null,70,66,120000,2024-10-23T14:55:39+05:30,2024-10-23T14:56:49+05:30,quick-scan,{meanScore=-1  derivScore=-1  peakScore=-1  hrvBaseline=39.4375  hrvSessionRsmmd=-1  Score6=-1},[[4  7]  [13  20]  [24  60]  [62  64]  [67  69]]
288654c0-499d-11ef-8080-808080808080,Quick scan,73,73,75,120000,2024-07-24T14:44:41+05:30,2024-07-24T14:46:53+05:30,quick-scan,{meanScore=-1  derivScore=-1  peakScore=-1  hrvBaseline=39.4375  hrvSessionRsmmd=105  Score6=-1},[[4  36]  [41  115]  [118]]
2885b880-499d-11ef-8080-808080808080,Quick scan,73,73,75,120000,2024-07-24T14:44:41+05:30,2024-07-24T14:46:53+05:30,quick-scan,{meanScore=-1  derivScore=-1  peakScore=-1  hrvBaseline=39.4375  hrvSessionRsmmd=105  Score6=-1},[[4  36]  [41  115]  [118]]
